country,title,title_id,watch_count,rn
Afghanistan,"Ainu Mosir",1686,1,1
Afghanistan,"The Chord",8245,1,2
Afghanistan,"On Yoga The Architecture of Peace",7653,1,3
Albania,"Uncut Gems",2472,2,1
Albania,"Ainori Love Wagon: African Journey",2978,1,2
Albania,"Who the F**k Is That Guy?",8735,1,3
Algeria,"The Shaukeens",8505,2,1
Algeria,Vexed,5366,1,2
Algeria,"Little Singham: Legend of Dugabakka",2237,1,3
"American Samoa","Equestria Girls: Tales of Canterlot High",5238,1,1
"American Samoa","The Forty-Year-Old Version",1873,1,2
"American Samoa","Oggy Oggy",235,1,3
Andorra,"The Social Network",8512,1,1
Andorra,"The Blue Planet: A Natural History of the Oceans",8215,1,2
Andorra,"Merata: How Mum Decolonised the Screen",3831,1,3
Angola,"Man in Love",247,1,1
Angola,Redemption,2197,1,2
Angola,Hormones,6997,1,3
Anguilla,"Dany Boon: Des Hauts De France",4877,2,1
Anguilla,"VeggieTales in the House",5786,1,2
Anguilla,"E-Cigarettes: Miracle or Menace?",6657,1,3
"Antarctica (the territory South of 60 deg S)","Scooby-Doo on Zombie Island",7960,1,1
"Antarctica (the territory South of 60 deg S)",Swordfish,813,1,2
"Antarctica (the territory South of 60 deg S)","Moms at War",2689,1,3
"Antigua and Barbuda","Chico Bon Bon and the Very Berry Holiday",1601,1,1
"Antigua and Barbuda",Locke,7328,1,2
"Antigua and Barbuda","Gang of the Caribbean",2973,1,3
Argentina,"Maximum Risk",1125,1,1
Argentina,Evil,1907,1,2
Argentina,"Kara Bela",985,1,3
Armenia,"New Gods: Nezha Reborn",1081,1,1
Armenia,Mantra,7402,1,2
Armenia,"The Good Detective",1767,1,3
Aruba,"NOVA: Prediction by the Numbers",7615,2,1
Aruba,Unfriended,1844,2,2
Aruba,"The Truth Seekers",5405,1,3
Australia,ParaNorman,1834,1,1
Australia,Fearless,2130,1,2
Australia,"The Intouchables",1422,1,3
Austria,"Wet Hot American Summer: Ten Years Later",5346,1,1
Austria,"Tune in for Love",3309,1,2
Austria,"Semana Santa",5624,1,3
Azerbaijan,"The Strange House",888,1,1
Azerbaijan,Aitraaz,6108,1,2
Azerbaijan,"Attacking the Devil: Harold Evans and the Last Nazi War Crime",6196,1,3
Bahamas,"Wanda Sykes: Not Normal",3806,2,1
Bahamas,"Chronically Metropolitan",2957,1,2
Bahamas,"Suite Française",8117,1,3
Bahrain,Kristy,7237,1,1
Bahrain,"Engineering Girls",3465,1,2
Bahrain,"Designated Survivor: 60 Days",3691,1,3
Bangladesh,"The Last O.G.",3184,1,1
Bangladesh,"Pad Man",4694,1,2
Bangladesh,Indiscretion,7075,1,3
Barbados,"Gabru: Hip Hop Revolution",6821,1,1
Barbados,"Manhattan Romance",7398,1,2
Barbados,#realityhigh,5278,1,3
Belarus,"A Lion in the House",1722,2,1
Belarus,"Dare to Be Wild",6564,1,2
Belarus,Warehoused,8700,1,3
Belgium,"Only the Dead",7669,1,1
Belgium,"Sing On! Spain",2213,1,2
Belgium,"India: Nature's Wonderland",7070,1,3
Belize,"Cyborg 009 VS Devilman",5854,1,1
Belize,"Love and Shukla",4669,1,2
Belize,"Tughlaq Durbar (Telugu)",80,1,3
Benin,"Taylor Swift reputation Stadium Tour",4243,1,1
Benin,"He-Man and the Masters of the Universe",41,1,2
Benin,Dhh,2021,1,3
Bermuda,"A Murder in the Park",6048,1,1
Bermuda,"Welcome Home",825,1,2
Bermuda,"Ray Romano: Right Here, Around the Corner",4129,1,3
Bhutan,"My Friend Pinto",4589,1,1
Bhutan,"Six Windows in the Desert",2878,1,2
Bhutan,"La Grande Chaumière Violette",4197,1,3
Bolivia,"Hart of Dixie",6936,1,1
Bolivia,"LEGO Jurassic World: Legend of Isla Nublar",1757,1,2
Bolivia,"Know Your Enemy - Japan",7220,1,3
"Bosnia and Herzegovina",Trumbo,8638,1,1
"Bosnia and Herzegovina",Suburra,8113,1,2
"Bosnia and Herzegovina","Vientos de agua",3352,1,3
Botswana,Bangistan,3127,1,1
Botswana,"Sunday's Illness",4830,1,2
Botswana,Stoked,8094,1,3
"Bouvet Island (Bouvetoya)","The Rap Game",8475,1,1
"Bouvet Island (Bouvetoya)","Walt Disney Animation Studios Short Films Collection",5888,1,2
"Bouvet Island (Bouvetoya)",Boomika,237,1,3
Brazil,"America's Book of Secrets",6133,2,1
Brazil,"Tiffany Haddish: She Ready! From the Hood To Hollywood!",2703,1,2
Brazil,"Shopkins: Wild",8007,1,3
"British Indian Ocean Territory (Chagos Archipelago)","The Day I Met El Chapo",5211,1,1
"British Indian Ocean Territory (Chagos Archipelago)","Mirror Mirror",7462,1,2
"British Indian Ocean Territory (Chagos Archipelago)","Lock Your Girls In",2485,1,3
"British Virgin Islands","Cabins in the Wild with Dick Strawbridge",6399,1,1
"British Virgin Islands","Vendetta: Truth, Lies and The Mafia",11,1,2
"British Virgin Islands","Barbie Big City Big Dreams",131,1,3
"Brunei Darussalam","Chhota Bheem Kung Fu Dhamaka Series",3057,1,1
"Brunei Darussalam",Alphablocks,6127,1,2
"Brunei Darussalam","Shor In the City",217,1,3
Bulgaria,"Go! Go! Cory Carson: The Chrissy",2580,1,1
Bulgaria,"The Karate Kid Part III",604,1,2
Bulgaria,"Dolly Parton: A MusiCares Tribute",1093,1,3
"Burkina Faso","Hell Fest",1368,1,1
"Burkina Faso","Baewatch: Parental Guidance",2102,1,2
"Burkina Faso","The Search for Life in Space",8501,1,3
Burundi,"The Jack King Affair",8371,2,1
Burundi,Twinsanity,8646,1,2
Burundi,"We Are the Champions",1689,1,3
Cambodia,Filmworker,6752,1,1
Cambodia,"Trailer Park Boys Live at the North Pole",5017,1,2
Cambodia,"The Longest Yard",8402,1,3
Cameroon,"The Prison",8468,1,1
Cameroon,"Merry Happy Whatever",3222,1,2
Cameroon,"I Am Not Okay With This",2881,1,3
Canada,"Monster High: Frights, Camera, Action!",7496,2,1
Canada,"Grillo vs Grillo",5612,1,2
Canada,"The River Thief",8489,1,3
"Cape Verde","The King's Avatar",3586,1,1
"Cape Verde","The Right One",8486,1,2
"Cape Verde",LoveTrue,7356,1,3
"Cayman Islands",Talaash,3148,1,1
"Cayman Islands",Tobot,8601,1,2
"Cayman Islands","Aditi Mittal: Things They Wouldn't Let Me Say",5372,1,3
"Central African Republic","Out of Thin Air",5257,1,1
"Central African Republic","Ojos in d' House",2103,1,2
"Central African Republic","El Che",6676,1,3
Chad,"House Party",145,1,1
Chad,Kuromukuro,5835,1,2
Chad,"Little Sister",7321,1,3
Chile,Osmosis,3965,2,1
Chile,"Kavin Jay: Everybody Calm Down!",5050,1,2
Chile,"American Crime",6138,1,3
China,"The Black Godfather",3772,1,1
China,"Kevin Hart: Zero F**ks Given",1687,1,2
China,"Put Your Head on My Shoulder",3292,1,3
"Christmas Island","Medical Police",3038,1,1
"Christmas Island",Dad,6549,1,2
"Christmas Island","Babylon Berlin",2856,1,3
"Cocos (Keeling) Islands","Nacho Libre",7554,1,1
"Cocos (Keeling) Islands","Becoming Champions",4739,1,2
"Cocos (Keeling) Islands",Community,2719,1,3
Colombia,"Sinister 2",3422,1,1
Colombia,"Dark Waters",2370,1,2
Colombia,"Digs & Discoveries: Mines of Mystery",2813,1,3
Comoros,"Aziz Ansari: RIGHT NOW",3680,1,1
Comoros,"Sweet Magnolias",2509,1,2
Comoros,Nightbooks,65,1,3
Congo,"Sword Art Online Alternative: Gun Gale Online",4145,2,1
Congo,"Barbie in Princess Power",6237,2,2
Congo,Faraar,4340,2,3
"Cook Islands","Hope Frozen: A Quest to Live Twice",2000,1,1
"Cook Islands","Unknown Origins",2089,1,2
"Cook Islands","The Crow",8260,1,3
"Costa Rica","Tango Feroz",306,1,1
"Costa Rica","Stretch Armstrong: The Breakout",4991,1,2
"Costa Rica",Smoking,4753,1,3
"Cote d'Ivoire","Jeff Dunham: Controlled Chaos",4009,2,1
"Cote d'Ivoire","Roger Corman's Death Race 2050",7885,2,2
"Cote d'Ivoire",Aftershock,6099,1,3
Croatia,Voiceless,614,1,1
Croatia,"Forest of Piano",3717,1,2
Croatia,"Headspace Guide to Sleep",968,1,3
Cuba,"Black Hawk Down",6323,1,1
Cuba,"Beethoven's 2nd",327,1,2
Cuba,Vizontele,996,1,3
Cyprus,Hoops,2106,1,1
Cyprus,"Band of Robbers",6227,1,2
Cyprus,"72 Dangerous Animals: Asia",4703,1,3
"Czech Republic",Hungerford,7026,1,1
"Czech Republic","Blanche Gardin: I talk to myself",1337,1,2
"Czech Republic","Austin Powers: International Man of Mystery",563,1,3
Denmark,"The Dragon Prince",3247,1,1
Denmark,"The Republic of Imbaba",8482,1,2
Denmark,"The Help",8342,1,3
Djibouti,"Hell Fest",1368,1,1
Djibouti,"Born Racer",2257,1,2
Djibouti,"Power Rangers S.P.D.",7773,1,3
Dominica,"Operation Ouch!",7675,1,1
Dominica,"Hotel for Dogs",2057,1,2
Dominica,"Motu Patlu Dino Invasion",1007,1,3
"Dominican Republic",Victorious,3326,2,1
"Dominican Republic","Yes or No 2",8779,2,2
"Dominican Republic","Verses of Love 2",3414,1,3
Ecuador,"Arango y Sanint: Ríase el show",5077,1,1
Ecuador,Traitor,8616,1,2
Ecuador,"Bert Kreischer: The Machine",4084,1,3
Egypt,"Mighty Raju Rio Calling",2738,1,1
Egypt,"Moving Art",3541,1,2
Egypt,"Best Worst Thing That Ever Could Have Happened",5565,1,3
"El Salvador","Roxanne Roxanne",4975,1,1
"El Salvador","Dances with Wolves",1252,1,2
"El Salvador","Paul Blart: Mall Cop",7717,1,3
"Equatorial Guinea","Mad Ron's Prevues from Hell",7371,2,1
"Equatorial Guinea","The Degenerates",3087,1,2
"Equatorial Guinea","The Most Unknown",1304,1,3
Eritrea,"The Big Family Cooking Showdown",4090,1,1
Eritrea,"College Romance",3464,1,2
Eritrea,"Only Mine",1047,1,3
Estonia,"Lucas Brothers: On Drugs",5526,2,1
Estonia,"Alien TV",1181,1,2
Estonia,"1898: Our Last Men in the Philippines",5444,1,3
Ethiopia,Phamous,7734,1,1
Ethiopia,"Take Me Home Tonight",8147,1,2
Ethiopia,"Get Organized with The Home Edit",2033,1,3
"Falkland Islands (Malvinas)","Melodies of Life - Born This Way",7439,1,1
"Falkland Islands (Malvinas)","What Are the Odds?",2501,1,2
"Falkland Islands (Malvinas)","The Unknown Saint",462,1,3
"Faroe Islands","Miles Davis: Birth of the Cool",2836,1,1
"Faroe Islands","The Babysitter",5227,1,2
"Faroe Islands","The Judgement",680,1,3
Fiji,"Black Mirror: Bandersnatch",4254,1,1
Fiji,Inst@famous,7084,1,2
Fiji,"Holy Hell",6986,1,3
Finland,Ghayal,6845,2,1
Finland,"Secret Affair",7969,1,2
Finland,"The Spooky Tale of Captain Underpants Hack-a-ween",3443,1,3
France,"Sam Kinison: Live in Vegas",4240,1,1
France,"Exclusive Edition",6719,1,2
France,"Best Lover",5027,1,3
"French Guiana",Salaakhen,5550,1,1
"French Guiana","Goon: Last of the Enforcers",5103,1,2
"French Guiana","Hoff the Record",5556,1,3
"French Polynesia","The Confrontation",4036,1,1
"French Polynesia","Jerry Before Seinfeld",5269,1,2
"French Polynesia","An American Girl: McKenna Shoots for the Stars",1105,1,3
"French Southern Territories",Baazaar,4198,2,1
"French Southern Territories","Mighty Raju",90,2,2
"French Southern Territories","To All the Boys: Always and Forever - The Afterparty",733,1,3
Gabon,Samson,7929,1,1
Gabon,"The Pirates of Somalia",8457,1,2
Gabon,"Mama's Boy",2248,1,3
Gambia,"Q Ball",7808,1,1
Gambia,Arrow,2948,1,2
Gambia,"The Great Heist",2135,1,3
Georgia,"La Bamba",7253,1,1
Georgia,"The Losers",357,1,2
Georgia,"Us and Them",4823,1,3
Germany,Caregiver,6422,1,1
Germany,"Airplane Mode",2996,1,2
Germany,"The American Bible Challenge",724,1,3
Ghana,Waterschool,8703,1,1
Ghana,"Nikki Glaser: Bangin’",3472,1,2
Ghana,"Devil's Gate",6601,1,3
Gibraltar,"The Light of My Eyes",2426,1,1
Gibraltar,Eli,3399,1,2
Gibraltar,"Wild District",3299,1,3
Greece,"Teenage Mutant Ninja Turtles: The Movie",8161,1,1
Greece,"Kai Po Che!",4446,1,2
Greece,"Much Ado About Nothing",5771,1,3
Greenland,"Familiar Wife",1908,1,1
Greenland,"The Muppets",8431,1,2
Greenland,"Our Idiot Brother",1265,1,3
Grenada,Homemade,2323,1,1
Grenada,Kahaani,3714,1,2
Grenada,"Talladega Nights: The Ballad of Ricky Bobby",598,1,3
Guadeloupe,"Khelti Hai Zindagi Aankh Micholi",7186,2,1
Guadeloupe,"Chicken Soup for the Soul's Being Dad",4683,2,2
Guadeloupe,"High & Low The Red Rain",1968,1,3
Guam,"Age Gap Love",6101,2,1
Guam,"It's Now or Never",7106,1,2
Guam,"LEGO Marvel Spider-Man: Vexed by Venom",1254,1,3
Guatemala,"Toll Booth",2040,1,1
Guatemala,"Tobot Galaxy Detectives",101,1,2
Guatemala,"One Strange Rock",7667,1,3
Guernsey,"My Tattoo Addiction",7548,1,1
Guernsey,Nila,5585,1,2
Guernsey,"Kocan Kadar Konus 2: Dirilis",987,1,3
Guinea,Dil,1862,1,1
Guinea,"Mike Birbiglia: My Girlfriend's Boyfriend",2572,1,2
Guinea,"Mr. Woodcock",7521,1,3
Guinea-Bissau,"The Intent",8364,1,1
Guinea-Bissau,"Edge of the Universe",5824,1,2
Guinea-Bissau,XXx,8767,1,3
Guyana,"The Debt Collector",4662,1,1
Guyana,Frequency,5287,1,2
Guyana,"The Bleeding Edge",4754,1,3
Haiti,"Casino Royale",6428,2,1
Haiti,"Chhota Bheem: Master of Shaolin",424,1,2
Haiti,"The Deep",3346,1,3
"Heard Island and McDonald Islands","Ask the StoryBots",510,2,1
"Heard Island and McDonald Islands","Why Are We Getting So Fat?",8738,1,2
"Heard Island and McDonald Islands","Despido Procedente",4890,1,3
"Holy See (Vatican City State)","Magic for Humans Spain",1164,2,1
"Holy See (Vatican City State)","The Silence",3931,1,2
"Holy See (Vatican City State)","Vai Anitta",4388,1,3
Honduras,"The Boulet Brothers Dragula",3345,1,1
Honduras,"Let There Be Light",7295,1,2
Honduras,Lilyhammer,5923,1,3
"Hong Kong",Legacies,2711,1,1
"Hong Kong","The Hatred",8338,1,2
"Hong Kong","The Dark Side of Life: Mumbai City",8268,1,3
Hungary,"The Tribe",4371,1,1
Hungary,"The Karate Kid Part II",603,1,2
Hungary,"Fred Claus",6798,1,3
Iceland,Shikari,5132,1,1
Iceland,"My Friend Pinto",4589,1,2
Iceland,Dhh,2021,1,3
India,"The Lovely Bones",951,1,1
India,"She Made Me a Criminal",2634,1,2
India,"Black Money Love",3424,1,3
Indonesia,"Crazy people",3210,2,1
Indonesia,Rita,2125,2,2
Indonesia,"The Brave One",8224,1,3
Iran,"Against the Tide",5391,1,1
Iran,"Luccas Neto in: The End of Christmas",2849,1,2
Iran,"Earth's Natural Wonders: Life at the Extremes",6661,1,3
Iraq,"The Naked Gun 2 1/2: The Smell of Fear",8434,1,1
Iraq,"The Disaster Artist",2455,1,2
Iraq,"Change in the Air",6444,1,3
Ireland,Ahaan,874,1,1
Ireland,"44 Cats",325,1,2
Ireland,"Buddy Thunderstruck: The Maybe Pile",5376,1,3
"Isle of Man","Strawberry Shortcake: Berry Bitty Adventures",8103,1,1
"Isle of Man","Prince Charming",7795,1,2
"Isle of Man",Oddbods,1620,1,3
Israel,"An American Tail: Fievel Goes West",6153,1,1
Israel,"Green Zone",933,1,2
Israel,"Baggio: The Divine Ponytail",841,1,3
Italy,Agneepath,2716,1,1
Italy,Zathura,1365,1,2
Italy,"Chhota Bheem: Dholakpur to Kathmandu",421,1,3
Jamaica,"Felipe Neto: My Life Makes No Sense",5560,2,1
Jamaica,"My Only Mother",7544,2,2
Jamaica,"Wyatt Earp",8765,1,3
Japan,"Sarah Cooper: Everything's Fine",1794,2,1
Japan,"ARASHI's Diary -Voyage-",3080,1,2
Japan,"Pablo Escobar: Angel or Demon?",7693,1,3
Jersey,"An American Tail",6152,2,1
Jersey,"Use For My Talent",898,1,2
Jersey,"Last Knights",7271,1,3
Jordan,"Reply 1994",3614,2,1
Jordan,4L,3669,2,2
Jordan,Chosen,3415,1,3
Kazakhstan,"Eddie - Strongman",5667,1,1
Kazakhstan,Rustom,7911,1,2
Kazakhstan,"Witches: A Century of Murder",5807,1,3
Kenya,Dean,6580,1,1
Kenya,"Mommy Issues",624,1,2
Kenya,Temple,5137,1,3
Kiribati,"The Physician",8454,1,1
Kiribati,"Darwin’s Game",332,1,2
Kiribati,"A Cinderella Story",128,1,3
Korea,Pardes,7707,2,1
Korea,Red,1282,1,2
Korea,"Reply 1988",3072,1,3
Kuwait,"Sunny Bunnies",2239,1,1
Kuwait,"Maurício Meirelles: Generating Chaos",2680,1,2
Kuwait,Monsoon,1313,1,3
"Kyrgyz Republic","KO One Return",3883,1,1
"Kyrgyz Republic","Fate/stay night: Unlimited Blade Works",4280,1,2
"Kyrgyz Republic","Spirit Riding Free: Riding Academy",2048,1,3
"Lao People's Democratic Republic","Dante's Peak",6563,2,1
"Lao People's Democratic Republic","99 Songs",851,1,2
"Lao People's Democratic Republic","Drink Drank Drunk",3561,1,3
Latvia,"Until Midnight",746,2,1
Latvia,"Children of the Whales",4989,1,2
Latvia,"A Love So Beautiful",1484,1,3
Lebanon,"Mr. Chandramouli",4503,1,1
Lebanon,Ottaal,7683,1,2
Lebanon,Trotsky,8634,1,3
Lesotho,"The Photographer Of Mauthausen",4083,2,1
Lesotho,"Rachel Getting Married",7818,1,2
Lesotho,"Cop and a Half: New Recruit",6535,1,3
Liberia,"Mahi Way",7384,1,1
Liberia,"Sing On! Spain",2213,1,2
Liberia,"Sweet Virginia",8140,1,3
"Libyan Arab Jamahiriya","The Edge of Seventeen",353,1,1
"Libyan Arab Jamahiriya","Restless Creature: Wendy Whelan",7860,1,2
"Libyan Arab Jamahiriya",Imposters,3938,1,3
Liechtenstein,Hellboy,6958,1,1
Liechtenstein,"Balto 2: Wolf Quest",6222,1,2
Liechtenstein,Tinker',8596,1,3
Lithuania,Special,863,1,1
Lithuania,"I'm with the Band: Nasty Cherry",3270,1,2
Lithuania,"ReMastered: Who Killed Jam Master Jay?",4323,1,3
Luxembourg,"Roh's Beauty",7886,1,1
Luxembourg,Pukar,7802,1,2
Luxembourg,"The Naked Gun 2 1/2: The Smell of Fear",8434,1,3
Macao,"The Net",359,2,1
Macao,"We Have Always Lived in the Castle",1925,1,2
Macao,"Super Bheem",8122,1,3
Madagascar,"Tremors 5:  Bloodline",8626,1,1
Madagascar,"Shadow of Truth",7992,1,2
Madagascar,"Geez & Ann",1270,1,3
Malawi,"3 Heroines",6010,1,1
Malawi,"The Crow",8260,1,2
Malawi,"Bobbleheads The Movie",1577,1,3
Malaysia,"Dating Around: Brazil",2246,2,1
Malaysia,Godless,5160,1,2
Malaysia,"You vs. Wild",3932,1,3
Maldives,"The Miracle",5538,1,1
Maldives,Ferry,879,1,2
Maldives,Jailbirds,3838,1,3
Mali,Home,847,2,1
Mali,"Blitz Patrollie",3091,1,2
Mali,"Holiday on Mars",553,1,3
Malta,Aiyyaa,2265,2,1
Malta,"Effie Gray",1614,1,2
Malta,Skylines,1191,1,3
"Marshall Islands","The Matrix",8415,1,1
"Marshall Islands",Carbon,4666,1,2
"Marshall Islands","Footprints: The Path of Your Life",6776,1,3
Martinique,"Julie & Julia",7148,1,1
Martinique,"Todd Glass: Stand-Up Special",4249,1,2
Martinique,"LEGO: Marvel Super Heroes: Maximum Overload",5644,1,3
Mauritania,"24 Hours to Live",6004,1,1
Mauritania,"Wynonna Earp",392,1,2
Mauritania,"Craig Ferguson: Tickle Fight",5135,1,3
Mauritius,"Sonic X",1052,1,1
Mauritius,"One Direction: This Is Us",7662,1,2
Mauritius,"Brother in Love",3449,1,3
Mayotte,Satyagraha,4458,2,1
Mayotte,"Amandla! A Revolution in Four Part Harmony",1938,2,2
Mayotte,"How to Get Over a Breakup",4487,1,3
Mexico,"Over Christmas",1641,1,1
Mexico,"Tiffany Haddish Presents: They Ready",1353,1,2
Mexico,"Mobile Suit Gundam Hathaway",581,1,3
Micronesia,Heroin(e),5276,1,1
Micronesia,"Bangkok Love Stories: Objects of Affection",3689,1,2
Micronesia,"There's Something in the Water",2770,1,3
Moldova,"Girl on the Third Floor",2890,1,1
Moldova,"Take Your Pills",4980,1,2
Moldova,"The Resurrection of Gavin Stone",1308,1,3
Monaco,"Power Rangers Dino Super Charge",7763,1,1
Monaco,"Love Me or Leave Me",5732,1,2
Monaco,"Once in a Lifetime Sessions with Kasabian",4300,1,3
Mongolia,Medium,7434,1,1
Mongolia,"Anthony Kaun Hai?",4791,1,2
Mongolia,"War Horse",8697,1,3
Montenegro,"Brain on Fire",4820,1,1
Montenegro,"Hostage to the Devil",7001,1,2
Montenegro,"I Am Maris",7039,1,3
Montserrat,"Angu Vaikuntapurathu (Malayalam)",2841,1,1
Montserrat,"To All The Boys: Always And Forever",1319,1,2
Montserrat,"Behind Her Eyes",1302,1,3
Morocco,"Ankhon Dekhi",1939,1,1
Morocco,"The Rational Life",693,1,2
Morocco,"The Spy Next Door",8516,1,3
Mozambique,"Lucha: Playing the Impossible",7359,1,1
Mozambique,Flinch,3865,1,2
Mozambique,"Power Rangers Super Samurai: Stuck on Christmas",7781,1,3
Myanmar,Fearless,2130,1,1
Myanmar,"Classic Legends",6496,1,2
Myanmar,"Shattered Memories",1803,1,3
Namibia,"Naruto Shippuden : Blood Prison",7560,1,1
Namibia,"Made in China",3033,1,2
Namibia,Daemonium,6553,1,3
Nauru,"Dancing Queens",769,1,1
Nauru,"Strange but True",8101,1,2
Nauru,"See You Yesterday",3817,1,3
Nepal,"Garfunkel and Oates: Trying to be Special",5658,2,1
Nepal,"I Am Wrath",7044,1,2
Nepal,"Pet Sematary 2",587,1,3
Netherlands,Maska,2767,1,1
Netherlands,"The Mr. Peabody and Sherman Show",5524,1,2
Netherlands,Skydancers,8035,1,3
"Netherlands Antilles","InuYasha: The Movie 2: The Castle Beyond the Looking Glass",7091,2,1
"Netherlands Antilles",Navarasa,298,1,2
"Netherlands Antilles",Tread,2201,1,3
"New Caledonia","ZZ TOP: THAT LITTLE OL' BAND FROM TEXAS",2867,1,1
"New Caledonia",BONDING,1376,1,2
"New Caledonia",Calibre,4807,1,3
"New Zealand","Shubh Aarambh",5013,1,1
"New Zealand","Wedding Unplanned",5213,1,2
"New Zealand","Like Water for Chocolate",7306,1,3
Nicaragua,"​​Kuch Bheege Alfaaz",4668,1,1
Nicaragua,"Growing Up Wild",5597,1,2
Nicaragua,"Mahi Way",7384,1,3
Niger,"The Sweetest Thing",952,2,1
Niger,"Monsters Inside: The 24 Faces of Billy Milligan",21,2,2
Niger,"The House Next Door",5089,1,3
Nigeria,Cousins,427,1,1
Nigeria,"Suzzanna: Buried Alive",3949,1,2
Nigeria,"Dance & Sing with True",4857,1,3
Niue,"Feel Rich",6746,2,1
Niue,"Child's Play",6469,1,2
Niue,"Lizzie Borden Took an Ax",7323,1,3
"Norfolk Island","Uncut Gems",2472,2,1
"Norfolk Island","I Will Follow",2498,1,2
"Norfolk Island",Vampires,2798,1,3
"North Macedonia","Highly Strung",6969,1,1
"North Macedonia",Captive,5681,1,2
"North Macedonia","How High 2",3082,1,3
"Northern Mariana Islands","Teefa in Trouble",4329,2,1
"Northern Mariana Islands","Jumping the Broom",7150,2,2
"Northern Mariana Islands",Hjørdis,4105,1,3
Norway,"The Who Was? Show",4870,2,1
Norway,"Union Leader",8663,1,2
Norway,"In Defense of a Married Man",5946,1,3
Oman,"Seth Rogen's Hilarity for Charity",4939,1,1
Oman,Hook,2276,1,2
Oman,"Joe Rogan: Strange Times",4542,1,3
Pakistan,"Wet Hot American Summer",5901,2,1
Pakistan,"The Upshaws",897,1,2
Pakistan,"Vizontele Tuuba",8683,1,3
Palau,"Katt Williams: Live",7173,1,1
Palau,Antidote,6176,1,2
Palau,"27: Gone Too Soon",6006,1,3
"Palestinian Territory","Midnight Misadventures With Mallika Dua",7454,2,1
"Palestinian Territory","Power Rangers: Megaforce: The Robo Knight Before Christmas",7789,1,2
"Palestinian Territory","Hard Kill",1660,1,3
Panama,"Leap Year",7275,1,1
Panama,"Loyiso Gola: Unlearning",1173,1,2
Panama,"Little Sister",7321,1,3
"Papua New Guinea",Indiscretion,7075,2,1
"Papua New Guinea","Pat a Pat Como",1890,1,2
"Papua New Guinea",Still,8092,1,3
Paraguay,"My Sassy Girl",3278,1,1
Paraguay,Disconnect,1837,1,2
Paraguay,"The Perfect Date",3927,1,3
Peru,"Harishchandrachi Factory",4570,2,1
Peru,"Katt Williams: Live",7173,1,2
Peru,"Bang Rajan 2",6228,1,3
Philippines,Hollywood,2581,2,1
Philippines,"Bake Squad",281,1,2
Philippines,"Whose Vote Counts, Explained",1948,1,3
"Pitcairn Islands",Ultraviolet,3121,1,1
"Pitcairn Islands","Russian Doll",4143,1,2
"Pitcairn Islands","Dolly Parton: Here I Am",1883,1,3
Poland,"Alibaba Aur 40 Chor",5080,1,1
Poland,"Basic Instinct",6249,1,2
Poland,"Moh Maya Money",7476,1,3
Portugal,"Sur Sapata",3875,1,1
Portugal,"You Don't Mess with the Zohan",8791,1,2
Portugal,Lolita,7333,1,3
"Puerto Rico","Jandino: Whatever it Takes",5799,1,1
"Puerto Rico","The Seven Deadly Sins the Movie: Prisoners of the Sky",4244,1,2
"Puerto Rico","Tumi or not Tumi",2183,1,3
Qatar,"The Sons of Sam: A Descent into Darkness",920,1,1
Qatar,"Loco Love",7330,1,2
Qatar,Yucatán,4114,1,3
Reunion,"The Last Resort",8389,1,1
Reunion,"LEGO Marvel Super Heroes: Black Panther",4140,1,2
Reunion,"Iron Ladies",4119,1,3
Romania,"Harold & Kumar Escape from Guantanamo Bay",6928,2,1
Romania,"EMI: Liya Hai To Chukana Padega",196,1,2
Romania,Popples,5830,1,3
"Russian Federation","The Blackcoat's Daughter",8213,2,1
"Russian Federation","Jatts in Golmaal",4445,1,2
"Russian Federation","Barcelona: A Love Untold",4019,1,3
Rwanda,"To All the Boys: P.S. I Still Love You",2926,2,1
Rwanda,"The Rope Curse 2",1482,1,2
Rwanda,"Bureau of Magical Things",566,1,3
"Saint Barthelemy","Coach Carter",6511,1,1
"Saint Barthelemy","Baahubali 2: The Conclusion (Malayalam Version)",5336,1,2
"Saint Barthelemy","The Perfect Date",3927,1,3
"Saint Helena","Anitta: Made In Honório",1533,1,1
"Saint Helena","Let's Dance",2435,1,2
"Saint Helena","Hajwala: The Missing Engine",5189,1,3
"Saint Kitts and Nevis","The Good Cop",4633,1,1
"Saint Kitts and Nevis","The Drug King",4092,1,2
"Saint Kitts and Nevis","Katt Williams: Great America",5079,1,3
"Saint Lucia","Conversations with a Killer: The Ted Bundy Tapes",4173,1,1
"Saint Lucia","Don't Go Breaking My Heart 2",4339,1,2
"Saint Lucia","I Care a Lot",1291,1,3
"Saint Martin","Strangers from Hell",2529,1,1
"Saint Martin","Miraculous: Tales of Ladybug & Cat Noir",2963,1,2
"Saint Martin",Lupt,7362,1,3
"Saint Pierre and Miquelon","What She Put on the Table",5251,1,1
"Saint Pierre and Miquelon","The Girl Allergic to Wi-Fi",3573,1,2
"Saint Pierre and Miquelon",Dostana,2721,1,3
"Saint Vincent and the Grenadines","What Happens to My Family",8721,1,1
"Saint Vincent and the Grenadines","Wonho Chung: Live in New York",2015,1,2
"Saint Vincent and the Grenadines",Colonia,6517,1,3
Samoa,"Firedrake the Silver Dragon",81,2,1
Samoa,Milk,7457,2,2
Samoa,"I Am Not Okay With This",2881,1,3
"San Marino","This Evening",4028,2,1
"San Marino",Boom,6360,1,2
"San Marino","Bangkok Buddies",3250,1,3
"Sao Tome and Principe","Baahubali: The Beginning (English Version)",4482,1,1
"Sao Tome and Principe","Jag älskar dig: En skilsmässokomedi",4984,1,2
"Sao Tome and Principe","The Lies Within",3427,1,3
"Saudi Arabia","The Witcher: A Look Inside the Episodes",2059,1,1
"Saudi Arabia","Judge Singh LLB",4575,1,2
"Saudi Arabia",Spotlight,8072,1,3
Senegal,Irul,1109,1,1
Senegal,"Rafinha Bastos: Ultimatum",4632,1,2
Senegal,Only,2284,1,3
Serbia,"Back to Q82",490,2,1
Serbia,"Aajcha Divas Majha",6073,1,2
Serbia,"Tragic Jungle",751,1,3
Seychelles,"Thor: Tales of Asgard",8582,2,1
Seychelles,"Bring It On: Worldwide Showdown",6378,1,2
Seychelles,"The Cruise",8261,1,3
"Sierra Leone","Spy Time",8078,1,1
"Sierra Leone","American Crime Story: The People v. O.J. Simpson",4043,1,2
"Sierra Leone",President,5511,1,3
Singapore,"Irreplaceable You",5038,1,1
Singapore,"Okko's Inn",2399,1,2
Singapore,"Sorry To Disturb",2439,1,3
"Slovakia (Slovak Republic)",Filinta,6751,2,1
"Slovakia (Slovak Republic)",Udaan,4611,1,2
"Slovakia (Slovak Republic)","Hashoter Hatov",4255,1,3
Slovenia,"Anthony Bourdain: Parts Unknown",6175,2,1
Slovenia,"The Lovely Bones",951,2,2
Slovenia,"DOTA: Dragon's Blood",1169,1,3
"Solomon Islands","Roh's Beauty",7886,1,1
"Solomon Islands","A Separation",6057,1,2
"Solomon Islands","Katherine Ryan: Glitter Room",3694,1,3
Somalia,"Kilo Two Bravo",7207,1,1
Somalia,"Legend of the Guardians: The Owls of Ga'Hoole",7283,1,2
Somalia,"Sommore: Chandelier Status",4786,1,3
"South Africa",Deadcon,3015,1,1
"South Africa","Brick Mansions",497,1,2
"South Africa","Balto 3: Wings of Change",6223,1,3
"South Georgia and the South Sandwich Islands","The Ivory Game",5726,1,1
"South Georgia and the South Sandwich Islands",Otherhood,3630,1,2
"South Georgia and the South Sandwich Islands",Sparring,4672,1,3
Spain,Klaus,3274,2,1
Spain,"A Korean Odyssey",4045,1,2
Spain,"Straight Up",8100,1,3
"Sri Lanka","A Perfect Man",6053,1,1
"Sri Lanka","High & Low The Movie",1965,1,2
"Sri Lanka","Prelude to War",7791,1,3
Sudan,Gunshot,245,1,1
Sudan,"Atomic Puppet",6195,1,2
Sudan,Jindua,3196,1,3
Suriname,"Norm of the North: Family Vacation",7595,1,1
Suriname,"Thelonious Monk: Straight, No Chaser",8573,1,2
Suriname,Sliver,8040,1,3
"Svalbard & Jan Mayen Islands","Black Sea",4096,1,1
"Svalbard & Jan Mayen Islands","This Evening",4028,1,2
"Svalbard & Jan Mayen Islands","Remember Me",7855,1,3
Swaziland,"Christmas Survival",3333,1,1
Swaziland,"So Much Love to Give",2035,1,2
Swaziland,Dum,6655,1,3
Sweden,"Vir Das: Abroad Understanding",5519,1,1
Sweden,"Theeya Velai Seyyanum Kumaru",4608,1,2
Sweden,"Living with Yourself",1064,1,3
Switzerland,"Coach Carter",6511,2,1
Switzerland,"Black Summer",697,2,2
Switzerland,"Uncertain Glory",5374,1,3
"Syrian Arab Republic",Intersection,5396,2,1
"Syrian Arab Republic","Cocaine Cowboys: The Kings of Miami",311,1,2
"Syrian Arab Republic","Surviving Escobar - Alias JJ",5361,1,3
Taiwan,"Kung Fu Panda",574,1,1
Taiwan,"Troy: The Odyssey",8635,1,2
Taiwan,"The Last Days of Chez Nous",8384,1,3
Tajikistan,Skylines,1191,1,1
Tajikistan,"Judwaa 2",5010,1,2
Tajikistan,Thackeray,8174,1,3
Tanzania,"Christmas Wedding Planner",4391,3,1
Tanzania,Deliha,979,2,2
Tanzania,Veronica,5026,1,3
Thailand,"Record of Youth",2038,1,1
Thailand,"Super Monsters and the Wish Star",4324,1,2
Thailand,"Chewin' the Fat",6460,1,3
Timor-Leste,"Fate/EXTRA Last Encore",4470,1,1
Timor-Leste,"Spirit Riding Free: Ride Along Adventure",1581,1,2
Timor-Leste,"Bright Star",116,1,3
Togo,"Dear John",139,1,1
Togo,"Pieces of a Woman",1436,1,2
Togo,Kaakan,7160,1,3
Tokelau,"The Bible's Buried Secrets",8209,1,1
Tokelau,"Jurassic World Camp Cretaceous",856,1,2
Tokelau,Carriers,6425,1,3
Tonga,Eastsiders,3193,1,1
Tonga,"Revolutionary Love",2454,1,2
Tonga,Antidote,6176,1,3
"Trinidad and Tobago","El Che",6676,1,1
"Trinidad and Tobago","Mighty Express: A Mighty Christmas",1589,1,2
"Trinidad and Tobago","Simon Amstell: Set Free",3575,1,3
Tunisia,"Vir Das: Losing It",4315,1,1
Tunisia,"Beneath the Leaves",6283,1,2
Tunisia,"Nailed It! Germany",3013,1,3
Turkey,"The Cincinnati Kid",8250,1,1
Turkey,"The Underwear",8545,1,2
Turkey,"Jagame Thandhiram",688,1,3
Turkmenistan,"Dante's Peak",6563,1,1
Turkmenistan,"Baahubali: The Beginning (English Version)",4482,1,2
Turkmenistan,Tezz,8172,1,3
"Turks and Caicos Islands","High Society",4155,1,1
"Turks and Caicos Islands",Holidate,1786,1,2
"Turks and Caicos Islands",Ittefaq,4946,1,3
Tuvalu,"The Trigger Effect",8536,1,1
Tuvalu,"Shrek the Musical",5937,1,2
Tuvalu,"Sarvam Thaala Mayam (Telugu Version)",3933,1,3
Uganda,"White Lines",2531,1,1
Uganda,"Love Like the Falling Rain",1851,1,2
Uganda,"Secrets of Chatsworth",7972,1,3
Ukraine,"Mossad 101",4777,1,1
Ukraine,"Pablo Escobar: Angel or Demon?",7693,1,2
Ukraine,"Dream Boat",6649,1,3
"United Arab Emirates","Come and Find Me",6519,1,1
"United Arab Emirates","The Thief and the Imbecile",8529,1,2
"United Arab Emirates","Lost & Found Music Studios",5693,1,3
"United Kingdom","Gold Statue",795,1,1
"United Kingdom","Our Lady of San Juan, Four Centuries of Miracles",1352,1,2
"United Kingdom","A Dangerous Woman",6033,1,3
"United States Minor Outlying Islands","Jen Kirkman: Just Keep Livin’?",5647,2,1
"United States Minor Outlying Islands","Ginny & Georgia - The Afterparty",1263,1,2
"United States Minor Outlying Islands","Vir Das: For India",2988,1,3
"United States of America","New Gods: Nezha Reborn",1081,2,1
"United States of America",Paap-O-Meter,4373,2,2
"United States of America",Voyeur,5149,1,3
"United States Virgin Islands",Superfly,8128,1,1
"United States Virgin Islands","The Next Step",2179,1,2
"United States Virgin Islands","Indoo Ki Jawani",1245,1,3
Uruguay,"Guru Aur Bhole",752,1,1
Uruguay,"Haters Back Off",5209,1,2
Uruguay,"Clair Obscur",5224,1,3
Uzbekistan,"Filosofi Kopi The Movie",6753,2,1
Uzbekistan,"SHOT! The Psycho-Spiritual Mantra of Rock",8012,1,2
Uzbekistan,"Annabelle Hooper and the Ghosts of Nantucket",6170,1,3
Vanuatu,"The Meddler",818,1,1
Vanuatu,"West Coast",5743,1,2
Vanuatu,"Wave of Cinema: Surat dari Timur",1290,1,3
Venezuela,"Class of '83",2104,2,1
Venezuela,"Across the Universe",6086,1,2
Venezuela,"Starting Over Again",4040,1,3
Vietnam,Diablero,2972,2,1
Vietnam,"Enissa Amani: Ehrenwort",4916,1,2
Vietnam,"Slow Country",3172,1,3
"Wallis and Futuna","The Accountant of Auschwitz",8179,1,1
"Wallis and Futuna","Moving Art",3541,1,2
"Wallis and Futuna","The Eddy",2554,1,3
"Western Sahara","Operation Odessa",7674,1,1
"Western Sahara","A StoryBots Christmas",5138,1,2
"Western Sahara","The History of Future Folk",1499,1,3
Yemen,"The English Game",2794,1,1
Yemen,"Kicko & Super Speedo",3954,1,2
Yemen,"Recovery Boys",4812,1,3
Zambia,"A Night at the Roxbury",6050,2,1
Zambia,"Bumping Mics with Jeff Ross & Dave Attell",4363,1,2
Zambia,"The Eddy",2554,1,3
Zimbabwe,"HALO Legends",6911,1,1
Zimbabwe,"Mumbai Delhi Mumbai",2281,1,2
Zimbabwe,"Revenge of the Green Dragons",7864,1,3
